test;test;0
User;1;14
admin;2;7
admin;2;7
Dado;1;12
admin;2;7
admin;2;7
admin;2;7
Dado;1;12
Dedi;1;21
admin;2;7
admin;2;7
admin;2;7
admin;2;7
admin;2;7
Dado;1;12
Dado;1;12
Dado;1;12
Dado;1;12
Dado;1;12
Dado;1;12
Dado;1;12
admin;2;7
Dado;1;12
admin;2;7
Dedi;1;21
admin;2;7
admin;2;7
Dado;1;12
Dado;1;12
admin;2;7
admin;2;7
Dado;1;12
admin;2;7
Dado;1;12
Dado;1;12
admin;2;7
Dado;1;12
Dado;1;12
admin;2;7
Dado;1;12
admin;2;7
Dado;1;12
Dado;1;12
admin;2;7
Dado;1;12
admin;2;7
admin;2;7
admin;2;7
admin;2;7
Dado;1;12
admin;2;7
Dado;1;12
Dado;1;12
Dado;1;12
Dado;1;12
Dado;1;12
Dado;1;12
admin;2;7
Dado;1;12
admin;2;7
admin;2;7
admin;2;7
Dado;1;12
Dado;1;12
admin;2;7
Dado;1;12
Dado;1;12
admin;2;7
admin;2;7
admin;2;7
Dado;1;12
Dado;1;12
Dado;1;12
Dado;1;12
Dado;1;12
admin;2;7
Dado;1;12
Dado;1;12
Dado;1;12
admin;2;7
Dado;1;12
Dado;1;12
admin;2;7
Dado;1;12
admin;2;7
Dado;1;12
admin;2;7
admin;2;7
uros;3;31
uros;3;31
uros;3;31
uros;3;31
Dado;1;12
admin;2;7
Dado;1;12
damjan;1;4
Dado;1;12
admin;2;7
Dado;1;12
Final;1;35
admin;2;7
Dado;1;12
Dado;1;12
admin;2;7
Dedile;1;37
Dado;1;12
Dado;1;12
admin;2;7
admin;2;7
Dado;1;12
Dado;1;12
admin;2;7
Dado;1;12
Dado;1;12
